{"train_accuracy": [0.956, 0.9754, 0.9942, 0.997, 0.999, 0.9988, 0.9968, 0.9994, 0.9998, 0.9978, 1.0, 1.0, 1.0, 1.0, 1.0, 1.0, 1.0, 1.0, 1.0, 1.0], "train_loss": [0.14707065734875804, 0.08590150495321937, 0.03516208370959467, 0.0296416602837143, 0.020726373239076896, 0.026351765915198264, 0.03198373818083403, 0.021365531417753412, 0.02372174271991627, 0.02872436031277407, 0.017543172812937734, 0.016860878257271585, 0.01662341188749953, 0.01664237968867751, 0.016915157672665493, 0.016948025588303217, 0.017125238881940872, 0.01731783517106743, 0.01756197904935093, 0.01780556509242789], "val_accuracy": [0.941, 0.932, 0.951, 0.959, 0.957, 0.958, 0.956, 0.965, 0.96, 0.954, 0.959, 0.957, 0.96, 0.961, 0.959, 0.961, 0.963, 0.96, 0.963, 0.962], "val_loss": [0.20233664677181631, 0.20165876317216766, 0.14999797529616968, 0.13056063701441148, 0.1386899585513631, 0.14264237552743084, 0.15173527234535442, 0.12912307255028802, 0.13484727708798336, 0.1376494590118849, 0.1267762713634249, 0.12642660695880006, 0.12614900775252785, 0.12614403948978353, 0.12721727023483023, 0.1261382011612828, 0.12688940709804009, 0.127344688490869, 0.1276644602198211, 0.12607872048301025], "test_accuracy": 0.956, "test_loss": 0.14410848176245797}