{"train_accuracy": [0.9186, 0.9438, 0.9624, 0.9718, 0.9806, 0.987, 0.9894, 0.9928, 0.9954, 0.9954, 0.9974, 0.998, 0.9984, 0.9986, 0.9982, 0.9988, 0.9986, 0.9988, 0.9988, 0.9988], "train_loss": [0.29035827754438376, 0.20334077811797238, 0.15204909182413498, 0.12568097391795802, 0.09768051741048094, 0.08280116765821953, 0.0750853925820079, 0.06722991048399823, 0.057945562064837364, 0.05442161804360263, 0.048775742705406216, 0.04824491979773509, 0.04767553625379804, 0.04730836073234504, 0.04694691631640842, 0.0464709020383614, 0.04610996737047564, 0.04571970862126894, 0.04538625717040253, 0.04518065796679757], "val_accuracy": [0.908, 0.92, 0.932, 0.925, 0.936, 0.94, 0.938, 0.947, 0.945, 0.944, 0.944, 0.944, 0.944, 0.944, 0.944, 0.942, 0.943, 0.943, 0.942, 0.943], "val_loss": [0.3056544284191186, 0.27701095284122945, 0.237550872762877, 0.2310776835079204, 0.2122389553743005, 0.20381692203865398, 0.20462617034747552, 0.19684755721134994, 0.18927786588961867, 0.18610110889957332, 0.1834121261244165, 0.1840691168945458, 0.1831809554199526, 0.18274869334030408, 0.18391840697299588, 0.1831149450811949, 0.18257340105978195, 0.18290733431770215, 0.18292026295116295, 0.1817524547860268], "test_accuracy": 0.939, "test_loss": 0.2093227089031653}